<?xml version="1.0" encoding="UTF-8"?>
<metadata xml:lang="en"><Esri><CreaDate>20221107</CreaDate><CreaTime>14584700</CreaTime><ArcGISFormat>1.0</ArcGISFormat><SyncOnce>TRUE</SyncOnce><DataProperties><lineage><Process ToolSource="c:\program files (x86)\arcgis\desktop10.8\ArcToolbox\Toolboxes\Conversion Tools.tbx\RasterToASCII" Date="20221107" Time="145847">RasterToASCII HC_CP_DEM_5m_clp D:\Projects\ChawuthenPeak_Pond\gis\ascii\HC_CP_ASCII_5m.asc</Process></lineage></DataProperties></Esri></metadata>
